{
  "chosen_model": "svm_rbf",
  "cv_scores": {
    "logreg": {
      "mean_acc": 0.9583333333333334,
      "std_acc": 0.026352313834736508,
      "folds": [
        0.9583333333333334,
        1.0,
        0.9583333333333334,
        0.9583333333333334,
        0.9166666666666666
      ]
    },
    "svm_rbf": {
      "mean_acc": 0.9666666666666668,
      "std_acc": 0.016666666666666653,
      "folds": [
        0.9583333333333334,
        1.0,
        0.9583333333333334,
        0.9583333333333334,
        0.9583333333333334
      ]
    },
    "knn": {
      "mean_acc": 0.9583333333333334,
      "std_acc": 0.026352313834736508,
      "folds": [
        0.9583333333333334,
        1.0,
        0.9583333333333334,
        0.9166666666666666,
        0.9583333333333334
      ]
    },
    "rf": {
      "mean_acc": 0.95,
      "std_acc": 0.0311804782231162,
      "folds": [
        0.9583333333333334,
        1.0,
        0.9583333333333334,
        0.9166666666666666,
        0.9166666666666666
      ]
    }
  },
  "test_accuracy": 0.9666666666666667,
  "test_f1_macro": 0.9665831244778612,
  "labels": {
    "0": "setosa",
    "1": "versicolor",
    "2": "virginica"
  }
}